fecha;inf_int;ipp_man;ip_mpi;wti;ismn;ismr;w_nom_tc;w_real_tc;imae;imae_re;imae_rd;imae_sd;exp_rd;exp_re;exp_tot;imp_rd;imp_re;imp_tot;cred_mn;cred_me;cred_tot;exp_inf_12_prom;exp_inf_12_med;exp_inf_12_merc;brecha_exp_enc;brecha_exp_mer;exp_inf_12_enc_var;exp_inf_12_merc_var;tnp;to;ti;td;ts;res_fin_gc;deuda_tot;deuda_int;tbp;tpm;prime;tcn_var;basem_var;m1_var;itcer_var
31/1/2012;4.21;7.29;1.155;11.409;6.501;2.194;-3.667;-7.562;4.99;13.81;4.71;6.04;9.5;5.5;7.8;-4;20.1;-0.7;12.267;16.786;14.012;6.181;6;3.846;2.2;-2.68351;-3.97;-1.69496;62.668;56.049;37.332;10.562;8.928;-3.701;26.879;23.124;8.75;5;2.31;0.86;10.61;6.53;-0.66
29/2/2012;4.05;6.54;-0.734;14.211;6.501;2.352;-4.718;-8.43;5.09;15.58;4.85;6;7.4;6.2;6.7;-5;22.5;-1;13.214;15.729;14.191;6.324;6;3.787;1.4;-2.56381;-3.09;-1.8622;63.079;56.336;36.921;10.689;8.674;-3.734;27.716;23.951;9;5;2.35;1.81;11.04;4.82;0.76
31/3/2012;4.21;4.86;-5.261;3.224;6.501;2.2;-5.489;-9.305;4.8;16.29;4.38;7.25;5.7;6.6;5.7;-6.3;22.8;-2.1;13.792;15.846;14.59;6.131;6;4.446;1.33;-3.03229;-3.07;-1.85728;63.665;56.943;36.335;10.558;9.832;-3.556;27.925;24.212;9.25;5;2.31;1.77;8.45;-6.74;-0.17
30/4/2012;4.71;3.16;-10.459;-6.366;6.501;1.713;-5.756;-9.993;4.26;14.96;3.67;6.36;5.2;6.6;5.4;-7.8;20.1;-4;14.407;15.728;14.923;6.206;6;4.395;1.6;-2.42945;-2.0625;-1.68366;63.324;56.864;36.676;10.201;10.273;-3.545;28.431;24.731;9.5;5;2.28;1.15;9.38;-1.57;-2.44
31/5/2012;5.04;2.64;-10.46;-6.64;6.501;1.395;-5.483;-10.014;3.84;12.65;3.26;1.81;5.8;7;6.1;-8.8;17.3;-5.2;14.337;15.822;14.916;6.241;6;4.612;0.9;-1.70475;-1.3765;-2.37888;62.694;56.397;37.306;10.043;10.615;-3.528;28.871;25.192;10;5;2.41;0.21;7.6;-0.46;-4.6
30/6/2012;4.61;1.94;-15.165;-14.139;6.501;1.803;-4.696;-8.901;3.65;10.21;3.2;-0.55;6.8;7.4;7.1;-8.9;14.9;-5.5;14.135;15.932;14.837;6.161;6;4.967;0.5;-2.28069;-0.746;-1.1833;62.375;55.961;37.625;10.283;10.91;-3.709;29.066;25.418;9.75;5;2.28;-0.8;12.97;0.57;-6.36
31/7/2012;3.95;1.92;-7.413;-9.444;6.265;2.228;-3.652;-7.312;3.63;8.33;3.37;-2.24;7.7;7.5;7.8;-8.6;12.8;-5.2;13.798;15.208;14.35;5.908;6;4.869;3.4;0.46248;-1.158;-1.59418;62.778;56.295;37.222;10.328;11.087;-3.683;29.51;25.884;10.25;5;2.31;-0.66;10.04;2.64;-5.73
31/8/2012;4.23;3.2;3.726;9.489;6.265;1.952;-2.71;-6.66;3.69;7.42;3.57;0.3;8;7.6;8.2;-7.8;11.4;-4.2;13.414;16.159;14.486;5.886;5.5;4.465;2.58;0.53351;-0.5213;-1.89228;63.24;56.572;36.76;10.545;11.521;-3.887;29.757;26.133;10.5;5;2.41;-1.46;13.02;4.85;-5.92
30/9/2012;4.47;3.47;4.447;10.897;6.265;1.722;-2.183;-6.365;3.49;6.32;3.41;2.11;7.2;7.4;7.5;-7.2;9.1;-3.7;12.551;15.674;13.774;5.678;5.05;4.8;2.7;0.21952;-0.7128;-1.73829;62.818;56.538;37.182;9.997;10.775;-3.833;30.05;26.443;10.5;5;2.17;-2.3;13.5;-0.7;-5.53
31/10/2012;4.68;3.3;3.039;3.809;6.265;1.51;-2.115;-6.495;3.18;5.3;3.06;4.09;5.7;7.1;6.4;-7.4;5.5;-4.5;11.307;17.038;13.55;6.023;5.5;4.744;2.43;-0.80194;-0.793;-0.63836;62.602;56.541;37.398;9.682;11.296;-3.779;30.841;27.205;10.25;5;2.31;-3.11;14.37;5.58;-5.88
30/11/2012;5.22;3.55;-2.809;-10.68;6.265;0.997;-2.192;-7.041;3.11;5.08;3.04;4.57;4.1;7.3;5.5;-7.9;1.9;-5.6;10.7;16.779;13.09;5.722;5;4.689;2.32;-0.77785;-0.511;-0.49272;62.271;56.345;37.729;9.516;11.98;-4.056;33.354;27.659;9.5;5;2.38;-1.46;16.19;6.14;-5.06
31/12/2012;4.55;3.77;-2.98;-10.478;6.265;1.64;-1.966;-6.233;2.89;4.61;2.79;4.69;2.5;7.3;4.5;-8.3;-1.4;-6.5;10.884;19.634;14.316;5.7;5.2;4.264;2.26;-1.23351;-0.763;-0.12716;62.309;56.172;37.691;9.849;12.034;-4.223;33.836;27.928;9.2;5;2.1;-0.99;16.92;12.84;-3.28
31/1/2013;5.74;3.55;-2.58;-5.302;6.759;0.967;-1.04;-6.409;2.32;3.24;1.97;4.53;1.2;6.3;3.3;-9;-4.3;-7.7;10.987;19.484;14.348;5.6;5;3.336;2.23;-0.37847;-0.48;-0.962;62.281;56.047;37.719;10.01;11.327;-4.104;31.165;26.31;8.3;5;2.31;-1.74;14.89;9.7;-4.98
28/2/2013;6.52;3.63;-4.371;-6.745;6.759;0.229;0.631;-5.525;2.02;0.98;1.6;2.08;0.4;4;1.9;-10.7;-6.7;-9.8;10.062;19.289;13.696;6;6;3.129;2.31;-0.42601;-0.375;-1.28897;61.954;55.806;38.046;9.923;10.962;-4.046;31.419;26.599;7.35;5;2.32;-1.97;12.06;6.5;-6.24
31/3/2013;6.21;3.4;-8.174;-12.295;6.759;0.521;2.808;-3.199;2.01;-1.83;1.86;0.32;-0.5;0.9;-0.1;-13.2;-8.8;-12.9;9.006;18.781;12.846;6.4;6;3.015;2.26;-0.88957;-0.082;-0.79711;61.542;55.55;38.458;9.736;11.206;-4.079;31.485;26.676;6.95;5;2.2;-1.82;12.8;16.01;-6.6
30/4/2013;6.31;3.17;-8.94;-11.156;6.759;0.425;4.908;-1.316;2.06;-3.65;2.13;-0.42;-1.7;-1.1;-1.8;-15.4;-10.2;-15.6;8.391;18.678;12.438;6.4;6;2.619;2.54;-1.11311;-0.2275;-0.77415;61.706;55.705;38.294;9.726;12.153;-4.223;34.024;27.246;6.75;5;2.38;-1.12;13.58;7.76;-6.01
31/5/2013;5.28;2.96;-0.834;0.507;6.759;1.401;6.359;1.021;2.38;-2.76;2.5;1.12;-2.9;-1.7;-2.8;-16.1;-10.8;-16.3;7.819;19.275;12.318;6.4;6;2.74;2.52;-1.08363;-0.6255;-0.79509;62.105;55.774;37.895;10.193;12.216;-4.316;33.852;27.093;6.65;5;2.41;-1.05;17.68;8.18;-4.27
30/6/2013;5.14;2.52;9.528;15.761;6.759;1.542;6.899;1.675;2.81;-0.01;2.9;1.02;-3.6;-1.2;-3;-15.4;-10.7;-15.4;7.285;18.886;11.863;6.2;6;2.359;2.75;-0.46399;-1.159;-1.29866;62.669;56.061;37.331;10.544;12.48;-4.299;34.079;27.281;6.6;4.63;2.17;-0.16;11.89;10.27;-2.64
31/7/2013;5.81;2.65;6.248;19.191;6.138;0.306;6.689;0.827;3.07;2.72;3.09;4.33;-3.5;-0.1;-2.3;-14.5;-8.9;-14.1;7.251;19.492;12.081;6.2;6;2.068;2.24;-1.1317;-0.432;-0.74497;62.242;55.924;37.758;10.15;12.706;-4.602;34.227;27.444;6.55;4;2.41;-0.36;14.49;5.24;-3.62
31/8/2013;5.31;1.76;0.873;13.244;6.138;0.789;6.22;0.867;3.16;5.41;3.02;5.8;-3.1;1.3;-1.4;-13.4;-6.5;-12.7;7.09;18.596;11.651;6.2;6;2.256;2.06;-1.35877;-0.6467;-0.51104;61.915;56.02;38.085;9.522;13.165;-4.644;34.667;27.784;6.55;4;2.31;0.05;16.31;10.53;-3.18
30/9/2013;5.37;1.53;0.283;12.137;6.138;0.727;6.018;0.614;3.15;7.79;2.81;7.72;-2;2.2;-0.3;-12;-4.7;-11.3;7.89;18.711;12.198;6.4;6;2.502;1.99;-1.51877;-0.719;-0.20041;61.88;56.34;38.12;8.954;13.868;-4.727;34.293;27.447;6.55;4;2.17;0.53;15.95;10.94;-3.27
31/10/2013;4.11;1.74;1.808;12.444;6.138;1.951;6.432;2.234;3.03;8.79;2.61;5.1;-0.6;2.4;0.7;-10.2;-2.3;-9.6;9.199;17.595;12.585;6.3;6;2.308;1.64;-1.4403;-0.482;-0.41063;62.497;56.868;37.503;9.007;13.672;-4.827;34.547;27.72;6.55;4;2.41;0.24;13.92;9.06;-2.17
30/11/2013;3.44;1.35;-0.606;8.418;6.138;2.605;7.356;3.783;2.87;8.22;2.46;3.16;0.8;1.9;1.3;-7.3;1.7;-6.5;9.734;17.925;13.059;6.2;6;2.06;1.81;-1.27057;-0.584;-0.39189;63.024;57.31;36.976;9.067;12.822;-4.842;34.859;28.057;6.55;4;2.28;0.15;16.32;8.82;-1.79
31/12/2013;3.68;1.41;0.714;10.964;6.138;2.371;8.349;4.504;2.94;6.56;2.69;0.88;2.1;1.3;1.7;-2.9;6.2;-1.9;10.34;16.78;12.983;6;6;2.693;1.5;-1.36067;-0.174;-0.48325;63.033;57.794;36.967;8.311;12.17;-5.258;35.125;28.159;6.5;3.9;2.2;-0.05;10.25;8.12;-2.07
31/1/2014;3.1;1.32;-4.833;0.177;6.271;3.071;8.798;5.522;3.27;4.7;3.35;1.96;3;1.6;2.4;2.1;10;3;11.078;15.835;13.045;5.8;5.5;2.977;1.75;-1.34047;-0.569;0.18628;63.333;57.724;36.667;8.856;11.473;-4.72;32.649;26.179;6.55;3.75;2.31;0.88;12.77;12.34;-1.54
28/2/2014;2.74;2.28;-1.688;5.275;6.271;3.437;8.45;5.558;3.36;3.94;3.59;4.19;3.7;3.1;3.5;7.6;13.4;8.5;12.295;15.762;13.727;6.1;5.9;3.272;1.94;-1.71498;-0.611;0.50192;63.717;57.668;36.283;9.492;12.318;-4.875;33.716;26.82;6.5;3.75;2.32;6.16;14.46;14.95;2.87
31/3/2014;3.26;3.88;0.527;7.98;6.271;2.916;7.507;4.113;3.23;5.06;3.34;4.47;4.3;4.8;4.6;14.5;18.4;16.1;14.908;14.532;14.753;6.9;6.3;3.533;2.18;-1.68668;-1.047;1.13269;63.668;57.442;36.332;9.779;11.869;-4.978;33.65;27.246;6.6;4.36;2.2;10.5;12.98;8.53;8.38
30/4/2014;3.68;4.5;5.566;11.29;6.271;2.499;6.4;2.624;3.13;6.73;3.12;3.51;5.1;6.4;5.9;21.8;25;24.7;16.601;13.58;15.347;6.7;6;3.153;2.31;-1.88726;-1.104;1.28206;62.91;57.102;37.09;9.231;12.37;-4.87;36.119;27.679;6.7;4.75;2.38;9.95;13.4;12.52;7.9
31/5/2014;4.21;5.35;3.748;7.257;6.271;1.977;5.63;1.362;2.86;6.5;2.79;-0.99;6.1;7.8;7.2;26.7;33.3;31;17.386;12.354;15.288;6.5;6;3.409;1.9;-1.87872;-0.657;1.49086;61.839;56.404;38.161;8.79;12.433;-4.998;36.574;28.124;6.85;5.15;2.2;10.9;12.94;12.24;8.76
30/6/2014;4.59;5.77;3.356;10.031;6.271;1.608;5.53;0.9;2.6;4.87;2.55;-1.27;6.4;8.8;7.8;28.4;40.2;33.4;18.683;11.493;15.668;6.6;6;3.165;1.6;-1.76265;-0.434;1.72928;61.789;56.18;38.211;9.077;11.813;-5.228;36.367;28.039;6.95;5.25;2.28;10.34;12.28;8.79;8.11
31/7/2014;5.19;5;-4.402;-2.203;7.532;2.23;6.202;0.966;2.67;3.74;2.7;-1.44;5.8;9.1;7.5;28.8;40.2;33.3;19.487;11.164;15.986;6.5;6;2.886;1.81;-1.87667;-0.902;1.74608;62.397;56.472;37.603;9.496;12.291;-5.212;36.592;28.313;7;5.25;2.77;7.82;12.9;12.95;5.29
31/8/2014;5.49;5.16;-8.541;-9.758;7.532;1.94;7.357;1.774;2.82;2.4;2.96;3.18;4.7;8.9;6.6;28.8;36.2;32.1;20.09;10.468;16.039;6.5;6;3.074;1.41;-1.86981;-0.526;1.33511;62.874;56.772;37.126;9.706;12.88;-5.166;36.817;28.51;7.1;5.25;3.25;8.18;8.76;8.69;4.42
30/9/2014;5.2;5.3;-11.806;-12.525;7.532;2.214;8.371;3.011;3.04;0.33;3.4;6.28;3.3;9.1;5.7;28;33.5;30.8;19.248;9.089;14.969;6.8;6.5;2.976;1.27;-1.71918;-0.588;1.5188;62.66;56.422;37.34;9.956;13.383;-5.283;36.736;28.415;7.15;5.25;3.25;7.69;8.99;13.72;3.52
31/10/2014;5.7;5.11;-14.157;-16.123;7.532;1.731;8.688;2.825;3.47;-1.21;4.03;8.21;2;10;5.2;47.7;50.5;48.4;19.354;8.534;14.796;6.5;6;2.888;1.16;-1.85093;-0.132;1.5951;62.019;55.804;37.981;10.02;13.154;-5.427;36.901;28.601;7.2;5.25;3.25;7.76;10.52;12.18;2.21
30/11/2014;5.89;5.04;-15.277;-19.508;7.532;1.554;8.168;2.155;3.81;-1.46;4.4;7.41;0.8;11.2;5.1;44.9;49.2;45.9;19.883;7.808;14.77;6.1;6;2.844;1.23;-1.66246;-0.503;1.35144;61.847;55.827;38.153;9.734;13.354;-5.559;36.914;28.658;7.2;5.25;3.25;7.21;10.75;10.89;1.11
31/12/2014;5.13;4.94;-27.905;-39.713;7.532;2.287;7.139;1.914;3.93;-0.26;4.29;7.78;-0.6;12.4;4.9;40.9;47.9;42.6;19.72;6.355;14.05;6.2;6;3.201;1.32;-1.84392;-0.622;1.10832;62.008;56.019;37.992;9.658;14.2;-5.469;37.577;28.994;7.2;5.25;3.25;7.03;10.42;8.61;0.06
31/1/2015;4.39;5.25;-34.717;-49.412;5.712;1.271;6.085;1.628;4.04;1.81;4.09;5.44;-2.3;12.9;4;36.4;46.5;38.8;19.063;6.879;13.903;5.9;5.3;2.965;1.18;-1.15419;-0.581;-0.50985;62.018;55.805;37.982;10.018;14.404;-5.169;35.54;27.708;7.2;5.25;3.25;6.26;10.52;3.33;-0.79
28/2/2015;3.53;3.87;-36.905;-49.37;5.712;2.111;5.377;1.787;4.4;3.62;4.28;5.22;-3.9;12.7;2.8;31.8;44.3;34.3;17.965;7.3;13.48;5.5;5;3.009;1.32;-1.21306;-0.324;-0.65826;61.888;55.505;38.112;10.314;13.152;-4.954;35.921;28.134;7.15;4.77;3.25;0.99;11.79;-2.35;-4.88
31/3/2015;3.05;2.24;-39.673;-52.56;5.712;2.587;5.125;2.018;5.06;4.5;4.96;3.04;-4.8;12.4;2.1;26.4;38.8;27.6;15.477;9.196;12.885;5.6;5.1;2.808;1.13;-0.55399;0.269;-1.43129;61.825;55.551;38.175;10.148;12.905;-5.191;38.088;28.551;7.1;4.65;3.25;-3.29;11.95;0.58;-10.31
30/4/2015;1.81;1.59;-38.298;-47.053;5.712;3.838;5.306;3.439;5.88;5.03;5.9;6.77;-5.3;12.1;1.8;21.9;30.2;21.3;14.441;9.637;12.477;5;5;2.95;1.21;-0.6052;0.194;-1.77544;62.029;55.959;37.971;9.785;13.152;-5.307;38.486;28.954;7.1;4.37;3.25;-3.07;8.21;1.69;-9.26
31/5/2015;0.97;0.94;-36.022;-41.601;5.712;4.694;5.69;4.672;6.67;6.23;6.76;8.52;-5.8;11.6;1.4;20.4;21.4;18.3;13.651;10.52;12.379;4.7;5;2.738;1.24;-0.38786;0.159;-1.87177;62.514;56.475;37.486;9.661;13.718;-5.377;38.549;28.939;6.9;3.91;3.25;-3.59;8.9;5.77;-8.83
30/6/2015;1.02;0.74;-35.974;-43.19;5.712;4.644;5.964;4.894;7.19;7.39;7.25;11.22;-6.3;11.2;1;20.7;16.1;18.2;12.947;11.165;12.227;4.9;5;2.538;1.16;-0.03337;0.039;-2.6073;62.141;56.266;37.859;9.454;13.543;-5.411;38.423;28.817;6.8;3.66;3.25;-2.9;10.84;10.46;-8.08
31/7/2015;-0.32;0.94;-37.929;-49.8;2.986;3.318;5.886;6.228;7.33;7.78;7.36;11.51;-7.2;11;0.5;21.4;18.2;19.9;12.246;11.39;11.901;4.7;4.7;2.442;0.91;-0.13059;0.292;-2.80127;61.619;56.011;38.381;9.101;12.328;-5.316;38.919;29.298;6.75;3.48;3.25;-0.57;12.94;11.14;-5.48
31/8/2015;-0.74;0.75;-41.469;-55.106;2.986;3.752;5.519;6.304;7.09;8.09;6.97;11.02;-8.1;10.9;-0.1;21.4;24.4;21.5;11.644;12.065;11.812;4.5;4.5;2.02;0.89;-0.5347;0.314;-2.20902;61.216;55.682;38.784;9.039;11.738;-5.419;38.926;29.272;6.55;3;3.25;-1.12;11.73;9.67;-5.82
30/9/2015;-0.86;0.11;-38.134;-51.196;2.986;3.883;5.198;6.115;6.52;9.29;6.06;8.8;-8.3;10.7;-0.3;20.6;30.2;21.9;12.153;13.418;12.659;4.3;4.3;2.251;0.68;-0.20038;0.722;-2.29805;61.04;55.396;38.96;9.246;11.739;-5.584;38.915;29.247;6.55;3;3.25;-0.83;11.71;7.54;-5.59
31/10/2015;-0.86;0.05;-34.114;-45.043;2.986;3.875;5.146;6.054;5.85;11.14;4.98;3.23;-7.7;10.7;0.2;2.6;17.8;6.2;11.475;14.098;12.52;4;4;1.799;1.02;-0.25583;0.277;-2.43622;60.704;54.832;39.296;9.674;12.335;-5.557;39.477;29.826;6.25;2.73;3.25;-0.88;15.65;11.58;-4.72
30/11/2015;-1.2;-0.28;-34.9;-43.494;2.986;4.241;5.423;6.708;5.36;12.7;4.21;-2.18;-7;10.7;0.6;1.9;19.6;5.7;10.765;13.762;11.957;3.9;4;1.647;0.72;-0.31102;0.478;-2.62902;60.269;54.389;39.731;9.756;11.971;-5.378;39.426;29.796;6;2.25;3.25;-0.44;10.06;13.68;-4
31/12/2015;-0.81;-0.43;-31.072;-36.823;2.986;3.824;5.901;6.763;5.38;13.83;4.23;-5;-5.9;10.2;1.1;1.5;19;5.1;10.273;14.489;11.941;3.7;4;1.993;0.7;-0.7356;0.3;-1.5714;59.984;54.224;40.016;9.604;11.579;-5.522;39.916;29.963;5.95;2.25;3.36;-0.09;9.2;13.36;-3.1
31/1/2016;-0.17;-0.99;-25.654;-32.696;1.629;1.805;6.392;6.576;5.69;14.37;4.79;0.29;-3.9;9.6;2.1;2;17.1;5.2;10.68;14.375;12.149;3.9;4;2.165;0.6;-1.66404;0.2;-0.35867;59.8;54.1;40.2;9.5;10.8;-5.11;38.238;28.968;5.95;1.8;3.5;-0.16;8.82;17.18;-3.13
29/2/2016;-0.03;-1.37;-26.756;-39.847;1.629;1.662;6.744;6.778;5.61;14.03;4.82;6.21;-2;9.5;3.2;3.1;14.6;6;10.36;14.456;11.988;3.54;3.5;2.088;1;-1.87132;0.1;0.14319;59.1;53.5;40.9;9.6;9.7;-5.261;38.379;29.128;5.7;1.75;3.5;0.02;8.47;28.77;-2.42
31/3/2016;-1.09;-1.52;-15.332;-20.22;1.629;2.745;6.809;7.982;5.16;13.65;4.17;12.35;-0.5;10.6;4.6;4.6;13.2;7.7;10.323;13.516;11.598;3.54;3.5;1.84;1.4;-1.98528;0.5;0.51784;58.645;53.073;41.355;9.501;9.519;-5.038;38.748;29.508;5.7;1.75;3.5;0.39;10.5;30.73;0.63
30/4/2016;-0.92;-1.88;-12.603;-24.2;1.629;2.571;6.595;7.582;4.6;13.85;3.33;6.3;0.7;12.3;6.4;5.3;12.8;8.5;10.221;13.277;11.439;3.83;3.98;1.563;1.4;-2.38064;0.3;0.5332;58.1;52.6;41.9;9.5;9;-5.078;40.34;31.048;5.55;1.75;3.5;0.81;13.48;21.41;1.51
31/5/2016;-0.43;-2;-6.4;-21.142;1.629;2.071;6.2;6.661;4.1;14.16;2.64;3.33;0.8;13.5;7;4.1;11.3;6.6;10.839;13.692;11.979;3.75;3.9;2.061;1.4;-2.25963;0.1;0.66838;57.5;51.9;42.5;9.6;9.1;-4.929;40.569;31.246;5.4;1.75;3.5;0.74;13.67;21;0.27
30/6/2016;-0.88;-1.69;-2.27;-18.49;1.629;2.53;5.68;6.617;3.78;14.34;2.24;0.26;0.3;13.7;6.6;3;8;4.4;11.624;12.922;12.143;4.026;4;2.128;1.2;-2.64067;0.4;0.8056;57.2;51.8;42.8;9.4;8.3;-4.819;41.096;31.602;5.25;1.75;3.5;1.78;11.48;17.41;1.2
31/7/2016;0.48;-1.21;-2.424;-12.386;1.228;0.749;5.082;4.584;3.59;14.28;2.02;4.02;0.6;13.6;6.6;2.7;3.2;2.8;11.817;11.477;11.68;3.956;3.78;2.191;1.2;-2.93186;0.3;0.81792;57.199;51.871;42.801;9.314;8.04;-4.778;41.811;32.293;5.2;1.75;3.5;2.44;10.27;19.06;1.37
31/8/2016;0.6;-1.19;6.222;4.204;1.228;0.629;4.4;3.782;3.71;14.59;2.19;4.45;1.6;14;7.5;3;-1.8;1.8;12.265;10.714;11.642;3.691;3.375;2.498;1.2;-2.74372;0.3;0.81782;57.396;52.138;42.604;9.16;8.567;-4.707;42.638;33.077;5;1.75;3.5;3.06;10.76;15.88;3.14
30/9/2016;0.39;-0.67;1.779;-0.961;1.228;0.839;3.65;3.251;4.23;15.63;2.87;6.56;2.6;14.7;8.5;3.9;-5.7;1.7;13.078;9.787;11.754;3.6;3.2;2.059;1.4;-2.49843;0.4;0.47407;57.7;52.1;42.3;9.7;9;-4.671;42.696;33.139;4.7;1.75;3.5;3.17;10.32;16.29;3.92
31/10/2016;0.55;-0.56;4.818;7.34;1.228;0.673;2.885;2.32;4.64;16.33;3.51;6.26;2.9;15;8.8;4.8;-9.5;1.4;13.248;8.697;11.41;3.832;3.5;2.082;1.3;-2.69205;0.2;0.57994;58.3;52.8;41.7;9.4;10;-4.808;43.395;33.726;4.65;1.75;3.5;3.67;6.55;16.48;3.43
30/11/2016;0.56;0.13;9.694;6.638;1.228;0.664;2.125;1.556;4.69;16.28;3.68;7.13;3.2;15;9;5.7;-12.4;1.5;13.813;8.159;11.528;3.768;3.225;2.153;1.2;-2.94004;-0.1;0.784;59.5;53.8;40.5;9.6;9.7;-4.904;43.068;33.473;4.6;1.75;3.5;3.79;11.24;7.86;3.47
31/12/2016;0.77;0.29;30.924;39.985;1.228;0.46;1.354;0.585;4.32;15.32;3.31;4;3.4;15.1;9.1;6.6;-13.6;1.9;14.3;7.392;11.504;3.89;3.71;2.115;1;-2.307;0.2;0.50843;60.018;54.292;39.982;9.541;9.276;-5.098;44.089;33.731;4.45;1.75;3.64;3.35;6.43;8.16;2.44
31/1/2017;0.66;0.6;40.822;63.415;1.7;1.038;0.592;-0.063;3.63;13.88;2.51;1.26;3.3;14.7;8.8;7.3;-13.6;2.4;14.569;6.618;11.346;3.591;3.5;2.184;1.8;-1.02271;0.1;-0.01212;59.784;54.143;40.216;9.435;7.711;-4.731;41.568;32.142;4.55;1.75;3.75;3.58;6.26;11.52;3.78
28/2/2017;1.09;1.01;44.927;75.019;1.7;0.608;-0.185;-1.257;3.12;13.22;1.97;0.11;3.8;13.9;8.6;8.1;-12.8;3.4;14.875;5.913;11.233;3.749;3.65;2.457;2.1;-0.72813;-0.6;-0.2624;59.795;54.182;40.205;9.388;7.191;-4.802;41.987;32.493;4.6;1.75;3.75;4.63;8.98;8.28;4.73
31/3/2017;1.58;1.13;26.503;30.341;1.7;0.117;-0.965;-2.507;3.02;13.52;2.09;-2.15;4.7;12.6;8.5;9.2;-11.8;4.7;15.212;5.871;11.419;3.9;4;2.162;2.9;-0.46744;-1.3;-0.72481;59.453;54.025;40.547;9.13;6.759;-4.817;42.666;33.198;4.5;1.75;3.88;4.66;6.13;-3.86;3.77
30/4/2017;1.64;1.82;18.192;24.669;1.7;0.056;-1.796;-3.384;3.12;14.08;2.47;0.72;5.5;11;8.1;10.1;-10.4;5.9;15.564;5.662;11.553;3.7;4;2.18;2.7;-0.84744;-1.7;-0.20222;60.023;54.595;39.977;9.043;7.693;-4.979;43.2;33.672;4.6;2.2;4;4.8;7.54;3.34;3.66
31/5/2017;1.67;2.56;2.618;3.588;1.7;0.029;-2.658;-4.258;3.03;14.1;2.55;0.7;6.6;10.3;8.4;10;-8.3;6.4;15.919;3.064;10.702;3.698;3.95;2.574;2.5;-0.59125;-1.8;-0.67038;59.339;54.289;40.661;8.51;7.537;-5.146;43.394;33.782;4.55;2.94;4;6.97;5.56;-2;6.01
30/6/2017;1.77;2.48;-5.193;-7.158;1.7;-0.073;-3.31;-4.996;2.69;14.37;2.15;6.95;7.5;10.8;9.4;8.8;-6.1;5.7;16.783;1.822;10.751;3.675;4;2.768;2.6;-0.83507;-1.7;-0.62644;59.351;54.308;40.649;8.497;8.469;-5.12;43.828;34.107;5.7;4.38;4.14;4.71;7.67;-5.85;4.8
31/7/2017;1.16;2.83;5.432;3.427;1.149;-0.014;-3.554;-4.663;2.27;14.72;1.57;2.25;7.8;11.2;9.8;7.4;-4.5;4.7;16.157;1.262;10.19;3.5;3.5;3.015;2.5;-1.11394;-1.8;-0.44412;58.89;53.8;41.11;8.643;8.612;-5.226;44.059;34.266;5.95;4.5;4.25;4.3;5.8;-5.72;5.67
31/8/2017;0.91;2.76;8.097;7.139;1.149;0.238;-3.308;-4.179;1.98;13.63;1.33;1.17;8.1;10.3;9.4;6.6;-3.2;4.3;15.701;1.203;9.926;3.37;3.2;3.403;2.5;-0.9259;-2;-1.05414;59.374;53.871;40.626;9.268;9.561;-5.234;44.622;34.797;5.95;4.5;4.25;4.27;6.99;-0.69;6.41
30/9/2017;1.64;3.06;13.104;10.172;1.149;-0.484;-2.651;-4.223;1.95;11.59;1.5;-2.91;7.9;8.9;8.5;6.4;-1.9;4.4;14.29;0.606;8.881;3.21;3.005;3.223;2.8;-1.02436;-2.5;-0.7242;59.398;53.834;40.602;9.368;8.939;-5.488;45.298;35.554;5.85;4.5;4.25;4.03;8.67;-5.72;6.37
31/10/2017;2.33;3.32;10.788;3.517;1.149;-1.149;-1.767;-3.999;2.21;10.12;1.92;1.76;7.3;7.5;7.3;6.6;-0.4;4.9;13.562;0.052;8.238;3.349;3.2;3.299;2.5;-1.11211;-2.5;-1.08848;58.854;52.821;41.146;10.251;8.534;-5.646;45.413;35.725;5.9;4.5;4.25;2.96;7.81;-6.36;4.19
30/11/2017;2.49;3.11;18.307;24.588;1.149;-1.309;-0.91;-3.319;2.63;9.51;2.49;6.03;6.8;6;6.2;6.8;1.2;5.6;12.71;0.126;7.778;3.408;3.3;3.524;2.1;-1.15604;-2.2;-1.19717;57.708;52.132;42.292;9.662;8.284;-5.634;45.587;35.902;5.9;4.51;4.25;2.29;8.04;-2.28;4.24
31/12/2017;2.57;3.14;9.079;11.296;1.149;-1.389;-0.332;-2.833;2.86;9.28;2.77;10.44;6.5;4.8;5.3;6.9;2.3;6.1;11.799;0.282;7.311;3.519;3.25;3.307;2.2;-0.79857;-2.5;-1.20855;57.042;51.742;42.958;9.293;8.044;-5.885;47.082;36.965;5.95;4.75;4.39;2.34;10.77;-2.84;5.39
31/1/2018;2.41;3.04;13.019;20.55;2.441;0.033;-0.196;-2.543;2.89;9.68;2.65;7.75;6.3;4.9;5.4;6.8;3.1;6.3;10.989;0.638;6.972;3.653;3.5;3.684;1.9;-1.03483;-2;-0.80052;55.927;50.87;44.073;9.042;7.481;-5.698;45.018;35.61;6.1;4.75;4.5;2.43;8.01;-6.15;6.53
28/2/2018;2.21;3.32;13.529;16.246;2.441;0.224;-0.437;-2.592;3.09;10.84;2.69;2.91;6.1;6.4;6.3;6.2;4.9;6.1;10.473;0.404;6.577;3.7;3.5;3.619;1.5;-0.99053;-1.96;-0.92193;56.699;51.355;43.301;9.425;6.868;-5.653;45.394;35.997;6;5;4.5;1.49;5.81;-5.78;5.93
31/3/2018;2.61;3.61;21.054;26.725;2.441;-0.167;-0.83;-3.355;3.39;11.54;2.93;-1.06;5.4;8;6.9;5.2;8;5.7;9.661;-0.321;5.809;3.653;3.5;3.557;1.6;-1.19225;-2.06;-0.9681;57.708;51.79;42.292;10.255;7.179;-5.911;46.707;37.396;6;5;4.57;1.06;5.4;8.01;4.64
30/4/2018;2.38;3.54;24.627;29.672;2.441;0.064;-1.063;-3.359;3.58;11.16;3.08;0.3;3.9;9;6.6;4.6;10.9;5.6;8.963;-0.652;5.274;3.65;3.5;3.514;1;-1.04966;-1.17;-1.3869;59.451;53.69;40.549;9.692;7.971;-5.866;46.532;37.25;6.15;5;4.75;0.37;4.16;7.83;3.58
31/5/2018;2.04;3.05;33.263;43.864;2.441;0.397;-1.018;-2.993;3.84;10.74;3.36;6.4;2.4;9.6;6;5.3;12.9;6.8;7.85;0.49;5.07;3.565;3.5;3.473;0.7;-1.26163;-0.95;-0.67756;60.118;54.541;39.882;9.277;8.525;-6.077;47.314;37.99;5.95;5;4.75;-1.86;3.04;5.97;0.34
30/6/2018;2.13;3.12;34.093;48.756;2.441;0.301;-0.847;-2.919;4;10.13;3.63;8.53;1.8;9.6;5.6;6.6;14.6;8.6;5.869;1.357;4.196;3.511;3.5;3.447;0.9;-1.46151;-0.874;-0.41034;60.914;55.63;39.086;8.673;9.036;-6.11;47.645;38.347;5.95;5;4.89;-0.69;4.53;10.2;0.21
31/7/2018;2.08;2.51;29.729;52.125;2.441;0.35;-0.816;-2.841;3.93;9.76;3.61;9.03;1.3;9.9;5.6;6.9;16.2;9.3;5.819;2.24;4.502;3.502;3.4;3.608;0.7;-1.55806;-0.74440678;-0.25096;61.438;56.057;38.562;8.758;8.832;-6.136;47.731;38.414;6;5;5;-0.94;3.64;7.93;-0.77
31/8/2018;2.24;2.63;26.097;40.608;2.441;0.196;-1.131;-3.298;3.6;10.45;3.12;2.21;0.2;11;5.6;6.2;16.5;8.7;5.507;1.946;4.201;3.548;3.5;3.68;0.5;-1.98004;-0.8086;0.47829;61.387;55.656;38.613;9.335;9.143;-6.249;48.316;38.842;5.95;5;5;-1.02;4.26;6.6;-2.32
30/9/2018;2.21;2.94;24.078;41.382;2.441;0.224;-1.778;-3.904;2.94;11.49;2.1;-0.65;-1;11.9;5.5;5.1;15.6;7.3;5.866;2.376;4.591;3.648;3.5;3.646;0.3;-1.74856;-0.7;-0.19284;61.115;54.896;38.885;10.176;9.435;-6.247;50.231;40.678;5.9;5;5.03;0.78;2.64;11.39;-1
31/10/2018;2.03;3.25;23.564;37.101;2.441;0.406;-2.487;-4.424;2.16;11.91;0.99;-4.11;-1.7;12.7;5.6;3.7;14.6;5.6;6.085;2.291;4.703;3.886;3.7;3.369;0;-2.20059;-0.1685;0.28267;61.505;55.065;38.495;10.471;9.901;-6.231;51.032;40.895;5.8;5;5.25;4.22;3.12;14.72;2.85
30/11/2018;2.29;4.31;5.335;0.112;2.441;0.145;-2.85;-5.028;1.59;11.58;0.3;-3.63;-2;13;5.6;2.4;14;4.1;6.4;0.836;4.374;4.172;4;4.468;-0.1;-2.35321;-0.1321;0.50638;61.982;54.706;38.018;11.738;9.539;-6.344;50.751;40.838;5.85;5.25;5.25;7.69;2.74;7.71;5.74
31/12/2018;2.03;4.28;-4.992;-15.974;2.441;0.406;-2.535;-4.472;1.45;11.88;0.16;-3.76;-2.4;13.6;5.7;1.4;13.9;2.8;6.317;-0.627;3.788;3.725;3.5;3.195;-0.3;-2.00712;0.19;0.12231;62.889;55.373;37.111;11.951;9.001;-5.638;51.871;41.189;6;5.25;5.35;6.18;2.29;7.14;3.96
31/1/2019;1.67;4.42;-9.491;-19.077;2.973;1.286;-1.487;-3.102;1.67;13.22;0.41;-0.24;-3.1;14.6;5.8;-4.031;20.05;-0.67;6.405;-1.76;3.424;3.633;3.5;3.377;0.9;-0.83535;-0.30870492;0.01948;63.383;55.526;36.617;12.396;8.66;-5.418;49.592;39.628;6.25;5.25;5.5;6.67;1.47;12.75;4.2
28/2/2019;1.54;4.51;-9.056;-11.535;2.973;1.416;0.038;-1.474;1.68;14.44;0.36;2.64;-4.1;15.3;5.6;-4.968;22.545;-0.961;6.447;-2.43;3.211;3.48;3.3;3.541;0.54;-0.91246;0.209;0.36981;63.044;55.665;36.956;11.705;8.511;-5.465;49.881;40.008;6.25;5.25;5.5;7.04;3.08;8.49;4.22
31/3/2019;1.42;4.14;-9.278;-7.71;2.973;1.532;1.628;0.205;1.43;15.6;-0.1;3.96;-5;15.6;5.2;-6.276;22.752;-2.091;6.488;-2.681;3.155;3.39;3.1;3.347;0.54;-1.16035;0.36;0.3226;62.405;55.362;37.595;11.286;8.589;-5.386;51.395;41.657;6.2;5.22;5.5;6.46;3.14;5.84;4.12
30/4/2019;2.07;3.95;-9.496;-3.81;2.973;0.885;2.86;0.774;1.22;16.85;-0.49;3.26;-5.4;15.9;5.3;-7.815;20.105;-3.959;6.188;-2.813;2.928;3.278;3;3.419;0.83;-1.43656;-0.13;0.61626;62.507;55.446;37.493;11.296;8.968;-5.568;51.953;42.277;6.15;5;5.5;6.28;3.73;1.88;3.36
31/5/2019;2.32;3.47;-15.58;-12.878;2.973;0.637;3.562;1.212;1.03;17.45;-0.81;1.8;-5.4;15.9;5.5;-8.758;17.286;-5.194;5.691;-2.97;2.561;3.417;3;3.506;0.75;-0.93919;-0.05244859;0.51293;62.484;55.417;37.516;11.311;9.548;-5.507;51.93;42.393;6.3;4.93;5.5;4.6;5.52;0.64;2.44
30/6/2019;2.42;3.12;-17.235;-18.45;2.973;0.539;3.828;1.373;0.95;17.52;-0.95;5.34;-5.1;15.8;5.8;-8.944;14.942;-5.529;5.35;-3.288;2.235;3.495;3.2;3.217;1.03;-0.87185;-0.351;0.63968;62.966;55.457;37.034;11.924;10.261;-5.612;51.981;42.545;6.55;4.66;5.5;3.4;-6.83;3.32;1.67
31/7/2019;2.89;2.52;-16.914;-18.921;2.973;0.082;3.914;0.996;1.05;17.1;-0.83;3.12;-4.4;15.4;6.2;-8.623;12.843;-5.243;3.835;-3.77;1.096;3.392;3;3.42;0.96;-0.80902;-0.45559322;0.82393;63.02;55.748;36.98;11.539;10.457;-5.876;52.203;42.849;6.1;4.35;5.5;1.71;-3.21;6.54;-0.13
31/8/2019;2.86;2.21;-17.88;-19.119;2.973;0.114;4.086;1.196;1.26;16.22;-0.51;3.05;-3.2;14.4;6.5;-7.793;11.354;-4.235;3.771;-4.087;0.951;3.408;3.2;3.442;0.69;-0.50175;-0.32130832;0.90426;62.498;55.411;37.502;11.34;10.574;-5.779;52.539;43.14;5.85;4;5.25;-0.03;-4.02;9.03;-2.28
30/9/2019;2.53;1.93;-17.225;-19.132;2.973;0.433;4.279;1.706;1.61;15.12;0.05;-1.29;-2.3;13;6.3;-7.182;9.143;-3.665;3.048;-4.687;0.283;3.36;3.2;3.035;0.6;-0.9414;-0.39;1.1648;61.769;54.731;38.231;11.395;11.599;-5.69;53.152;43.658;5.7;3.9;5.15;-0.19;-3.4;10.03;-2.72
31/10/2019;2.07;1.4;-19.98;-23.455;2.973;0.883;4.2;2.084;1.94;14.25;0.61;0.84;-2.1;11.3;5.5;-7.428;5.54;-4.48;3.028;-4.426;0.376;3.241;3;2.837;0.83;-0.91792;-0.4825;1.21701;61.672;54.139;38.328;12.215;11.722;-5.895;54.334;44.187;5.65;3.73;4.99;-2.23;-4.59;0.4;-3.43
30/11/2019;1.86;0.07;-8.367;0.406;2.973;1.097;3.602;1.715;2.03;13.86;0.73;1.8;-2.3;9.5;4.5;-7.905;1.896;-5.616;2.052;-3.803;-0.007;3.285;3;2.533;0.77;-0.84683;-0.36015386;1.37045;62.502;54.668;37.498;12.533;11.798;-5.897;55.694;43.676;5.65;3.25;4.75;-5.86;-5.53;12.53;-6.13
31/12/2019;1.52;-0.26;4.749;22.565;2.973;1.429;2.493;0.957;1.87;13.43;0.49;1.76;-2.9;6.9;2.7;-8.29;-1.389;-6.522;1.773;-3.123;0.066;3.207;3;1.94;0.89;-0.88481;-0.3706273;1.19155;62.878;55.071;37.122;12.417;11.059;-6.555;56.431;43.831;5.75;3.04;4.75;-5.34;-5.16;16.43;-5.16
31/1/2020;1.58;-0.67;2.753;12.626;2.598;0.999;1.16;-0.416;1.78;12.66;0.4;0.05;-3.2;3.3;0.6;-9.032;-4.29;-7.686;1.413;-2.425;0.082;3.066;3;2.204;0.59;-0.81587;0.06130507;1.49963;63.34;55.55;36.66;12.299;10.81;-6.562;58.328;45.665;5.75;2.72;4.75;-6.1;-2.04;20.42;-6.04
29/2/2020;1.79;-0.98;-7.288;-7.841;2.598;0.793;-0.056;-1.814;1.93;10.87;0.69;-1.02;-3.3;-0.1;-1.3;-10.673;-6.71;-9.759;1.258;-1.861;0.183;3.081;3;1.979;0.75;-0.54265;-0.049;1.16213;63.861;56.063;36.139;12.21;11.78;-6.716;58.895;46.254;4.8;2.25;4.75;-6.38;-2.93;27.79;-7.34
31/3/2020;1.91;-0.87;-29.421;-47.327;2.598;0.678;-0.99;-2.843;-7.94;6.97;-8.99;-7.69;-4.2;-4;-4.2;-13.217;-8.807;-12.888;1.101;-1.014;0.376;2.975;3;1.912;0.9;-0.83775;-0.2465585;1.39517;63.429;55.529;36.571;12.455;12.408;-6.849;59.39;46.594;4.15;1.77;3.8;-5.11;-2.28;32.15;-8.07
30/4/2020;0.89;-0.98;-45.338;-71.468;2.598;1.691;-1.754;-2.622;-8.56;1.93;-9.62;-19.84;-5.4;-8.6;-7.9;-15.434;-10.17;-15.556;0.922;-1.171;0.206;3.606;3;2.267;0.7;-0.8203;-0.04973129;1.33382;60.763;51.243;39.237;15.667;14.939;-6.886;60.404;47.04;3.9;1.25;3.25;-5.33;-0.27;50.31;-8.7
31/5/2020;0.61;-0.97;-33.443;-52.895;2.598;1.977;-2.556;-3.146;-8.98;-1.58;-9.95;-32.14;-5.5;-11.4;-9.9;-16.089;-10.796;-16.27;0.935;-1.265;0.183;3.226;3;1.826;0.7;-0.42626;-0.1322896;0.89879;58.417;46.677;41.583;20.098;17.577;-7.052;60.753;46.777;3.85;1.25;3.25;-3.46;2.34;66.06;-6.69
30/6/2020;0.31;-0.77;-19.928;-30.07;2.598;2.279;-3.637;-3.936;-8.96;-2.12;-9.96;-28.44;-4.4;-11;-9.1;-15.442;-10.656;-15.407;0.661;-1.248;0.01;3.27;3;2.109;0.68;-0.23217;-0.16425234;0.67905;57.562;43.742;42.438;24.008;20.542;-7.538;61.018;46.796;3.95;1.03;3.25;-1.35;14.01;71.54;-2.93
31/7/2020;-0.17;0.06;-19.172;-29.106;2.598;2.767;-5.038;-4.881;-8.66;-0.07;-9.95;-17.99;-3.2;-8.5;-6.9;-14.49;-8.92;-14.113;1.438;-1.495;0.433;2.98;3;1.956;0.5;0.01491;0.0016902;0.59335;57.082;43.135;42.918;24.434;24.556;-7.55;62.122;47.889;3.7;0.75;3.25;1.14;15.5;67.95;0.36
31/8/2020;-0.07;0.81;-15.519;-23.076;2.598;2.67;-6.575;-6.509;-7.95;3.15;-9.46;-0.2;-2;-5.1;-4.4;-13.362;-6.46;-12.717;1.008;-1.686;0.09;2.963;3;1.904;0.37;0.40251;0.17809864;0.27758;58.727;45.121;41.273;23.168;26.191;-8.286;63.205;48.767;3.65;0.75;3.25;4.54;13.93;67.47;5.36
30/9/2020;0.3;0.72;-14.547;-30.08;2.598;2.292;-7.717;-7.992;-6.98;6.48;-8.66;4.43;-0.7;-1.1;-1.4;-11.976;-4.722;-11.338;1.259;-1.737;0.241;2.926;3;1.454;0.21;0.2234;0.43820958;0.42226;59.11;46.115;40.89;21.985;25.848;-8.566;65.316;49.859;3.45;0.75;3.25;3.58;13.44;61.06;4.82
31/10/2020;0.45;1.13;-7.255;-27.132;2.598;2.136;-8.07;-8.484;-6.03;9.6;-7.95;13.71;1.2;3.3;2.1;-10.202;-2.32;-9.601;1.285;-2.82;-0.106;3.125;3;1.296;0.35;0.29909;0.53697832;0.06994;59.992;46.862;40.008;21.886;23.826;-8.245;66.063;50.492;3.35;0.75;3.25;3.82;15.77;62.95;4.81
30/11/2020;0.24;1.52;-3.231;-27.69;2.598;2.347;-7.618;-7.843;-4.99;12.36;-7.07;15.55;3.6;8;5.9;-7.252;1.698;-6.497;1.801;-3.663;-0.048;2.828;2.75;0.853;0.41;0.52362;0.76474894;0.94395;60.392;47.517;39.608;21.32;22.686;-8.306;65.933;50.402;3.4;0.75;3.25;5.72;16.74;44.03;7.08
31/12/2020;0.89;2.67;2.618;-21.077;2.598;1.69;-6.72;-7.546;-4;14.54;-6.19;20.29;6;13.2;10;-2.892;6.225;-1.949;2.021;-3.715;0.084;3.2;3;1.299;0.52;0.30674;0.2061263;-0.11136;60.806;48.657;39.194;19.98;20.633;-7.911;66.912;50.751;3.5;0.75;3.25;6.7;13.71;31.04;8.56
31/1/2021;0.96;3.58;17.27;-10.646;0.484;-0.471;-5.786;-6.682;-3.36;15.66;-5.75;14.39;8.3;18.1;13.8;2.08;10.037;2.995;2.323;-4.096;0.153;3.1;3;1.581;0.65;0.68376;-0.01965536;-0.30652;61.026;49.39;38.974;19.068;19.049;-7.188;61.634;46.95;3.55;0.75;3.25;7.43;14.46;27.35;9.29
28/2/2021;0.41;4.32;38.572;16.522;0.484;0.069;-5.027;-5.419;-2.79;16.69;-5.31;13.38;10.6;21.9;16.8;7.618;13.403;8.488;2.58;-4.263;0.27;3.1;3;1.331;0.7;0.61948;-0.21987987;-0.0787;60.756;49.52;39.244;18.494;17.062;-7.358;62.655;47.929;3.45;0.75;3.25;7.02;14.94;14.67;10.14
31/3/2021;0.47;5.29;85.182;104.795;0.484;0.011;-4.291;-4.742;8.65;19.55;6;8.51;13.5;26.7;20.9;14.528;18.355;16.058;2.81;-4.865;0.215;2.9;3;0.662;0.65;0.55742;-0.26366551;-0.21;60.8;49.436;39.2;18.691;16.389;-6.738;63.282;48.631;3.4;0.75;3.25;6.83;12.65;8.22;11.5
30/4/2021;1.21;6.64;139.234;238.664;0.484;-0.717;-3.216;-4.372;10.3;24.51;7.83;12.12;17.3;33.4;27;21.824;25.022;24.683;2.924;-4.426;0.445;3.4;3;1.051;0.65;0.51352;-0.3719631;-0.09461;60.45;49.999;39.55;17.29;15.449;-6.351;63.967;49.249;3.3;0.75;3.25;8.06;12.16;-0.77;14.28
31/5/2021;1.34;8.22;122.125;126.834;0.484;-0.847;-1.473;-2.777;11.63;29.1;9.03;14.38;20.4;38.6;32;26.657;33.253;30.973;3.277;-4.752;0.572;3.2;3;1.169;0.57;0.47253;-0.14791341;0.0334;60.246;49.584;39.754;17.697;15.684;-6.057;63.966;49.143;3.2;0.75;3.25;8.07;3.44;-2.93;15.32
30/6/2021;1.91;9.35;100.943;86.116;0.484;-1.398;1.066;-0.826;12.47;30.15;9.93;15.61;21.5;39.3;32.9;28.363;40.191;33.446;3.938;-5.429;0.783;3.2;3;1.018;0.51;0.44688;-0.01548762;-0.23033;59.452;48.712;40.548;18.065;15.407;-5.613;65.036;49.744;3.2;0.75;3.25;6.87;4.62;-9.34;12.38
31/7/2021;1.44;9.95;99.655;78.636;0.484;-0.943;4.125;2.647;13.09;27.3;11.14;15.51;20.9;36.2;30.5;28.814;40.172;33.263;4.23;-5.171;1.069;2.9;3;1.353;0.5;0.60826;-0.1101147;-0.18827;59.867;49.422;40.133;17.447;15.543;-5.513;65.428;49.636;3.2;0.75;3.25;6.23;3.5;-8.24;11.47
31/8/2021;1.72;10.2;94.616;60.514;0.484;-1.22;7.031;5.216;12.88;22.67;11.41;11.51;19.5;32.2;27.2;28.754;36.195;32.124;4.725;-4.984;1.473;3;3;0.648;0.55;0.68009;-0.13979912;-0.23792;60.466;50.549;39.534;16.402;13.812;-5.456;67.032;51.143;3;0.75;3.25;4.52;3.64;-7.5;8.59
30/9/2021;2.09;11.03;93.13;80.148;0.484;-1.57;8.969;6.742;11.98;18.48;10.67;13.66;18;28.8;24.4;27.972;33.508;30.84;4.321;-4.314;1.445;2.9;3;1.115;0.65;0.64566;-0.28839003;-0.61038;60.965;51.638;39.035;15.298;13.405;-5.074;67.483;51.56;2.9;0.75;3.25;4.38;2.72;-7.89;7.89
31/10/2021;2.5;12.29;91.543;105.713;0.484;-1.971;9.616;6.939;11.02;15.16;9.89;6.38;15.9;25.6;21.5;47.744;50.526;48.374;4.686;-3.658;1.935;3.1;3;1.161;0.89;0.36903;-0.64527163;-0.53233;60.42;51.356;39.58;15.002;12.219;-4.773;68.262;52.061;2.8;0.75;3.25;4.48;1.5;-2.91;7.42
30/11/2021;3.35;13.81;74.632;89.185;0.484;-2.769;9.271;5.734;10.1;12.25;9.2;5.24;13.3;22.9;18.6;44.91;49.156;45.874;4.572;-2.533;2.255;2.8;2.8;1.173;1.17;1.46757;-0.88716575;-1.93466;59.923;51.286;40.077;14.413;13.169;-4.624;67.191;51.232;2.9;0.75;3.25;5.02;-0.37;3.36;6.71
31/12/2021;3.3;13.94;48.184;51.37;0.484;-2.725;8.567;5.1;9.3;9.82;8.64;1.2;11.6;21.1;16.9;40.922;47.936;42.591;4.808;-2.143;2.55;3.994;3.775;1.062;0.73;0.19538;-0.51859241;-1.25518;59.916;51.72;40.084;13.68;13.109;-4.934;67.628;50.818;2.9;1.01;3.25;5.27;4.01;7.79;5.85
31/1/2022;3.5;14.19;35.277;59.6;2.277;-1.18;7.981;4.331;8.63;7.84;8.26;4.27;10.4;19.6;15.7;36.411;46.471;38.833;5.108;-1.496;2.97;3.809;3.73;1.603;0.63;0.37724;-0.56715407;-1.17312;59.718;51.896;40.282;13.098;12.679;-4.231;61.321;46.037;3.05;1.33;3.25;4.39;2.46;2.39;4.98
28/2/2022;4.9;14.85;27.983;55.106;2.277;-2.498;7.624;2.599;7.8;6.45;7.62;3.28;8.6;18.3;14.2;31.777;44.294;34.299;5.273;-0.952;3.266;4.333;4;1.526;0.48;0.54078;-0.39921315;-1.56222;59.596;51.69;40.404;13.266;12.18;-4.33;61.881;46.619;3.05;1.75;3.25;5.14;2.33;13.08;5.07
31/3/2022;5.79;14.99;38.706;73.87;2.277;-3.324;7.354;1.476;6.77;5.94;6.44;3.8;6.4;17.3;12.7;26.448;38.759;27.646;5.714;-1.583;3.372;5.244;5;1.901;0.39;0.34742;-0.41493323;-1.43528;59.601;51.509;40.399;13.577;11.476;-4.223;63.476;46.96;2.95;2.16;3.37;6.68;0.47;9.67;5.98
30/4/2022;7.15;15.52;36.031;65.335;2.277;-4.549;6.958;-0.183;5.58;5.22;5.02;2.21;3.5;15.9;10.4;21.907;30.22;21.262;6.332;-1.382;3.857;5.698;5.25;2.203;0.28;0.41891;0.32760739;-1.15185;59.971;52.015;40.029;13.267;11.058;-4.128;64.106;47.192;2.9;2.65;3.5;7.53;1.13;2.8;4.99
31/5/2022;8.71;16.71;26.472;69.132;2.277;-5.921;6.256;-2.264;4.47;3.93;3.85;1.44;1.3;14.4;8.2;20.352;21.365;18.318;7.12;-1.535;4.359;6.063;6;2.925;0.42;0.50593;-0.19091391;-1.67965;59.942;52.77;40.058;11.965;9.432;-3.768;64.697;47.261;3.12;4;3.93;9.44;1.91;-1.52;4.06
30/6/2022;10.06;17.59;18.669;59.841;2.277;-7.068;5.11;-4.49;3.74;4.1;2.92;-1.52;1.3;14.1;8.1;20.725;16.144;18.18;8.252;-1.235;5.254;6.575;6.71;3.254;0.5;0.21655;-0.22552252;-1.10709;59.573;52.616;40.427;11.678;9.488;-3.677;64.526;47.038;3.86;4.75;4.38;11.59;0.82;-0.59;5.28
31/7/2022;11.48;17.52;1.349;37.523;3.545;-7.118;3.722;-6.96;3.33;6.3;2.02;-1.31;2.6;15.3;9.8;21.442;18.195;19.884;8.624;-1.257;5.507;8.109;8;3.043;0.39;0.41999;-0.41183879;-1.46369;60.094;52.974;39.906;11.848;8.987;-3.311;63.857;46.426;4.58;5.76;4.82;9.99;2.48;-1.45;1.82
31/8/2022;12.13;15.84;-3.283;35.004;3.545;-7.655;2.406;-8.669;3.2;9.11;1.41;2.14;3.4;16.8;11.4;21.431;24.438;21.504;8.707;-0.953;5.678;9.893;9.5;2.81;0.41;0.44217;-0.44543945;-1.53863;60.231;53.102;39.769;11.836;9.604;-2.914;64.363;47.255;5.37;7.5;5.5;5.93;11.27;-5.01;-2.34
30/9/2022;10.37;14.06;-8.128;17.747;3.545;-6.18;1.419;-8.102;3.34;11.3;1.35;6.77;3.2;17.4;11.7;20.615;30.186;21.881;8.993;-0.681;5.954;7.906;8;3.92;0.36;0.03528;-0.43423453;-1.5808;60.494;53.264;39.506;11.951;9.687;-2.761;62.997;46.663;5.85;8.03;5.74;2.49;15.35;-3.21;-4.99
31/10/2022;8.99;11.95;-11.957;6.904;3.545;-4.997;0.83;-7.487;3.66;13.03;1.64;7.89;2.9;17.8;11.7;2.584;17.844;6.16;8.266;1.044;6.016;7.478;7.5;2.365;0.24;-0.1633;-0.11615413;-1.5403;60.294;53.398;39.706;11.438;10.137;-2.761;62.926;46.737;6.02;8.58;6.25;-0.8;12.94;-6.03;-7.54
30/11/2022;8.26;9.75;-11.656;7.818;3.545;-4.351;0.562;-7.108;4;15.28;1.83;7;2.9;18.9;12.5;1.896;19.597;5.661;8.264;1.762;6.242;5.937;6;2.796;0.29;-0.46709;-0.45777258;-1.68006;60.038;53.069;39.962;11.608;10.097;-2.642;63.313;47.077;6.24;9;6.93;-4.07;12.23;-8.84;-9.42
31/12/2022;7.88;8.07;-10.571;7.232;3.545;-4.016;0.554;-6.792;4.29;17.73;1.91;8.14;2.9;20.2;13.4;1.513;19.036;5.077;8.007;2.248;6.223;6.173;5.8;3.449;0.21;-1.0598;-0.016662688;-0.64151;59.721;52.752;40.279;11.669;9.685;-2.389;62.985;46.895;6.35;9;7.27;-7.23;14.29;-9.63;-11.14
31/1/2023;7.65;6.69;-10.446;-5.083;8.139;0.452;0.792;-6.368;4.53;19.54;2.01;8.52;2.8;21.7;14.3;1.973;17.113;5.201;6.912;2.569;5.567;5.57;5.5;3.778;0.07;-0.79588;-0.007300154;-0.62347;59.14;52.171;40.86;11.783;8.473;-2.218;57.973;44.836;6.52;9;7.5;-10.13;11.15;-13.02;-13.38
28/2/2023;5.58;4.24;-12.073;-16.351;8.139;2.424;1.234;-4.113;4.67;19.94;2.07;9.29;2.9;22.7;15;3.081;14.574;6.005;6.846;2.22;5.416;5.442;5;2.91;0.08;-1.02144;-0.022573647;-0.64717;58.294;51.908;41.706;10.954;7.844;-2.121;58.317;45.104;6.69;9;7.74;-11.56;11.62;-9.83;-14.04
31/3/2023;4.42;2.05;-21.515;-32.718;8.139;3.564;1.629;-2.671;4.74;19.06;2.25;4.76;3.9;22.5;15.3;4.631;13.165;7.729;6.169;4.002;5.507;4.979;4.9;3.075;-0.03;-1.08786;-0.03609276;-1.25001;56.762;50.745;43.238;10.6;7.046;-2.143;58.088;45.291;6.63;8.74;7.83;-15.99;16.85;-8.56;-17.1
30/4/2023;2.44;-0.63;-18.476;-22.254;8.139;5.56;1.777;-0.646;5.11;18.99;2.68;2.9;5.4;22.5;16.2;5.268;12.783;8.54;5.693;5.073;5.504;4.454;4.1;2.749;0.61;-0.73294;-0.255228068;-1.21568;55.749;50.345;44.251;9.694;6.922;-2.227;60.601;45.947;6.68;8.17;8;-18.4;16.83;-0.44;-17.37
31/5/2023;0.88;-2.83;-25.632;-34.937;8.139;7.196;1.645;0.762;5.74;19.58;3.35;0.88;6;22.8;16.9;4.096;11.304;6.638;5.594;6.507;5.868;4.052;4;3.271;0.23;-1.17372;-0.00673752;-0.65693;55.824;50.185;44.176;10.101;5.999;-2.434;60.718;46.172;6.53;7.5;8.22;-19.77;17.84;3.43;-17.37
30/6/2023;-1.04;-4.81;-26.631;-38.284;8.139;9.274;1.524;2.586;6.05;18.29;3.99;5.11;4.4;21.6;15.3;2.988;8.045;4.362;4.208;7.718;5.249;3.362;3;2.936;0.27;-0.89054;-0.082097071;-1.09116;56.582;51.159;43.418;9.584;6.465;-2.267;60.845;46.195;6.28;7.23;8.25;-21.07;20.03;4.45;-18.09
31/7/2023;-2.29;-5.3;-14.343;-24.442;6.814;9.312;1.71;4.09;5.99;15.49;4.37;6.7;2.2;19.5;12.8;2.689;3.15;2.768;4.334;8.805;5.654;2.612;2.75;2.83;-0.02;-1.0437;-0.041958932;-0.60291;56.474;51.051;43.526;9.602;6.339;-2.555;60.558;45.581;6.03;6.92;8.29;-19.97;14.07;8.66;-14.74
31/8/2023;-3.28;-5.02;-8.951;-10.918;6.814;10.434;2.43;5.899;5.91;13.33;4.65;8.73;1.3;18;11.5;3;-1.772;1.827;4.096;9.212;5.6;3.145;3;2.602;-0.04;-1.09646;-0.006161627;-1.25546;55.762;50.853;44.238;8.803;6.039;-2.929;60.232;45.537;5.73;6.5;8.5;-18.01;6.64;10.76;-11.77
30/9/2023;-2.24;-4.87;-2.975;5.986;6.814;9.256;3.674;6.04;5.67;12.28;4.6;6.14;1.2;17.2;11.2;3.895;-5.733;1.664;4.121;10.419;5.976;3.317;2.7;2.213;-0.07;-1.54552;-0.042868971;-0.33926;54.345;49.953;45.655;8.081;5.133;-2.905;59.993;45.259;5.58;6.5;8.5;-16.27;9.59;9.01;-10.6
31/10/2023;-1.28;-4.92;-4.955;-1.057;6.814;8.198;5.123;6.484;5.22;11.78;4.08;5.97;1.6;16;10.9;4.802;-9.514;1.446;4.238;9.769;5.88;2.451;3;2.791;0.12;-1.7036;0.001123116;-0.13574;53.651;49.532;46.349;7.678;4.495;-3.052;59.96;45.333;5.46;6.45;8.5;-14.6;5.85;9.02;-9.71
30/11/2023;-1.64;-5.66;-3.573;-8.142;6.814;8.601;6.419;8.198;4.74;10.53;3.66;2.96;2.5;14.1;10;5.731;-12.443;1.484;4.739;10.624;6.491;2.052;2;2.571;-0.17;-2.14715;-0.048985321;0.32039;53.192;49.384;46.808;7.159;4.295;-2.99;61.48;45.073;5.37;6.25;8.5;-12.83;7.84;10.08;-7.81
31/12/2023;-1.77;-5.65;1.636;-5.744;6.814;8.734;7.245;9.175;4.37;8.6;3.55;1.63;3;11.5;8.5;6.571;-13.623;1.887;4.373;11.033;6.36;2.928;2;2.39;0.19;-1.70131;0.804240098;-0.2368;53.819;49.891;46.181;7.297;4.192;-3.212;61.119;45.1;5.36;6.16;8.5;-11.26;3.55;12.73;-6.22
31/1/2024;-1.87;-5.72;-1.788;-5.823;2.008;3.95;7.358;9.397;4.24;7.53;3.63;0.81;3.1;9.1;6.8;7.268;-13.581;2.405;5.1;12.495;7.325;2.121;2;2.19;0.06;-1.41935;0.750858234;0.02185;55.092;50.715;44.908;7.944;3.758;-3.116;59.008;43.025;5.24;5.9;8.5;-9.77;6.82;23.94;-5.68
29/2/2024;-1.13;-4.7;-4.677;-0.178;2.008;3.175;6.86;8.08;4.44;8.29;3.95;1.58;2.9;8.3;6;8.138;-12.793;3.401;5.294;12.735;7.525;2.494;2.5;2.375;0.06;-1.66861;1.274546347;0.19425;55.841;51.486;44.159;7.799;3.637;-3.161;58.66;42.778;5.04;5.75;8.5;-9.11;5.44;18.07;-5.48
31/3/2024;-1.19;-4.24;-5.617;9.885;2.008;3.233;6.187;7.462;4.79;9.84;4.28;5;2.8;8.9;6.6;9.164;-11.777;4.684;5.358;12.074;7.381;2.42;2;2.315;-0.06;-2.33787;2.30511786;1.2384;55.907;51.536;44.093;7.817;3.031;-3.267;57.955;42.528;4.94;5.59;8.5;-7.54;4.88;22.74;-3.63
30/4/2024;-0.52;-3.77;-6.772;6.675;2.008;2.542;5.738;6.289;4.9;10.01;4.34;5.79;3;9.7;7.2;10.057;-10.44;5.885;5.581;12.381;7.644;1.918;2;1.974;0.35;-1.94862;2.347686498;1.15171;55.602;51.197;44.398;7.922;3.364;-3.518;58.607;43.04;4.82;5.17;8.5;-6.67;3.44;24.38;-4.53
31/5/2024;-0.33;-3.66;-2.124;9.739;2.008;2.35;5.607;5.959;4.7;9.1;4.16;8.58;3.5;10.1;7.6;10.029;-8.296;6.427;5.092;12.722;7.403;2.042;2;2.826;0.22;-1.83065;2.84285554;1.75558;55.633;50.881;44.367;8.542;3.351;-3.603;59.746;43.496;4.59;4.75;8.5;-4.92;7.42;14.36;-2.68
30/6/2024;-0.03;-2.77;-0.834;11.834;2.008;2.042;5.67;5.706;4.41;8.55;3.81;6.02;4.5;10.4;8.1;8.801;-6.091;5.747;5.665;12.332;7.688;2.005;2;3.008;0.19;-1.9817;3.387729021;2.23586;56.159;51.371;43.841;8.527;3.711;-3.686;59.474;42.773;4.5;4.75;8.5;-3.5;10;17.39;-3.53
31/7/2024;0.03;-3.24;-4.474;6.573;2.008;1.975;5.734;5.701;4.13;8.84;3.42;5.54;5.7;10.7;8.8;7.382;-4.463;4.669;5.586;12.911;7.813;2.026;2;2.264;-0.06;-1.64661;5.170851192;1.68997;56.635;52.202;43.365;7.827;3.689;-3.678;59.476;42.873;4.4;4.75;8.5;-3.52;7.54;13.55;-3.93
31/8/2024;0.31;-2.8;-9.047;-7.439;2.008;1.69;5.723;5.394;3.96;9.75;3.07;2.02;6.6;11.3;9.6;6.627;-3.195;4.25;5.678;13.367;8.015;1.91;2;2.165;-0.04;-2.35192;6.936279317;2.1616;57.18;53.329;42.82;6.736;3.955;-3.675;59.898;43.371;4.3;4.75;8.5;-3.14;12.14;10.02;-3.61
30/9/2024;-0.14;-2.55;-13.433;-21.899;2.008;2.147;5.7;5.844;4.03;10.41;2.92;2.36;7.2;12.6;10.8;6.444;-1.943;4.403;5.878;11.756;7.681;2.141;2;2.323;-0.12;-1.88478;5.023717281;2.80472;57.306;53.531;42.694;6.587;3.918;-3.681;59.568;43.183;4.28;4.57;8.31;-3.31;2.99;11.53;-2.86
31/10/2024;-0.79;-2.51;-9.67;-16.267;2.008;2.816;5.81;6.649;4.24;10.41;3.1;2.44;7.1;14.5;12.1;6.57;-0.424;4.912;6.072;11.656;7.791;1.948;2;1.974;0.13;-1.83934;4.351978174;1.20456;56.585;52.638;43.415;6.975;3.766;-3.594;59.627;43.481;4.25;4.14;8;-3.59;9.17;17.13;-2.36
30/11/2024;-0.09;-1.7;-10.874;-10.187;2.008;2.102;5.999;6.099;4.45;10.42;3.25;5.33;6.2;16.2;13;6.785;1.222;5.59;5.59;10.484;7.104;1.949;2;1.733;-0.22;-1.82676;3.158854791;1.62306;56.671;52.561;43.329;7.253;3.447;-3.84;59.822;43.803;4.17;4;7.81;-4.42;4.71;20.77;-5.4
31/12/2024;0.84;-1.11;-11.676;-3.619;2.008;1.156;6.143;5.258;4.51;10.61;3.09;5.48;5;17.2;13;6.946;2.341;6.114;5.782;10.206;7.16;1.744;2;2.274;0.99;-1.93811;2.17836322;2.38712;56.702;52.802;43.298;6.878;3.05;-3.718;59.753;43.836;4.13;4;7.65;-3.85;8.69;13.28;-6.82
31/1/2025;1.15;-0.37;-7.451;1.814;2.414;1.249;6.308;5.099;4.46;10.82;2.79;4.47;4.4;18.2;13.4;6.828;3.054;6.307;5.717;9.117;6.793;1.864;2;3.106;0.81;-1.3975;1.76069906;2.17542;56.88;52.915;43.12;6.972;2.758;-3.543;55.867;41.013;4.09;4;7.5;-2.42;7.83;11.47;-5.82
28/2/2025;1.25;-0.48;-6.121;-7.058;2.414;1.153;6.514;5.203;4.415;10.99;2.484;3.313;4.7;19.8;14.7;6.184;4.877;6.138;5.525;9.917;6.911;2.483;2.5;2.49;1.33;-1.47436;1.10929175;1.38462;56.489;52.302;43.511;7.412;2.967;-3.585;55.998;41.256;4.08;4;7.5;-1.91;8.66;7.22;-4.76
31/3/2025;1.21;0.23;-6.166;-15.497;2.414;1.187;6.702;5.423;4.314;11.211;2.301;2.837;4.6;21.1;15.5;5.155;7.999;5.674;5.53;10.261;7.023;2.024;2;2.543;2.24;-1.09947;-0.26466667;1.17496;56.376;52.166;43.624;7.468;3.141;-3.607;57.357;42.409;4.02;4;7.5;-1.08;6.41;-1.39;-3.68
30/4/2025;0.37;1.09;-13.278;-25.496;2.414;2.035;6.745;6.352;4.298;12.332;2.359;8.283;3.9;22;15.9;4.554;10.882;5.571;5.46;9.61;6.779;2.692;2;2.085;2.7;-0.79691;-1.24399964;0.54545;56.634;52.513;43.366;7.277;3.116;-3.368;57.417;42.768;3.89;4;7.5;0.58;7.15;-5.66;-0.29
31/5/2025;-0.12;1.04;-13.297;-22.461;2.414;2.533;6.627;6.753;4.405;14.469;2.493;8.328;3.4;23.2;16.6;5.329;12.896;6.844;5.806;8.453;6.65;2.305;2.5;2.217;3.06;-0.07507;-2.01043426;0.34601;55.597;51.775;44.403;6.874;3.169;-3.407;57.659;43.014;3.91;4;7.5;-1.57;5.38;2.34;-1.23
30/6/2025;-0.22;0.27;-6.672;-13.745;2.414;2.635;6.286;6.515;4.626;17.28;2.567;11.136;3;25;18;6.616;14.644;8.633;4.078;8.347;5.435;1.728;2;2.204;3.58;0.25416;-3.21381947;-0.31849;54.718;50.658;45.282;7.42;3.138;-3.389;57.393;42.819;3.91;4;7.5;-3.7;1.66;3.93;-0.31
31/7/2025;-0.61;0.36;-5.737;-16.703;2.414;3.041;5.6;6.246;4.899;19.062;2.7;7.392;2.5;25.8;18.6;6.887;16.179;9.28;4.037;7.143;5.029;1.752;1.8;2.419;5.11;0.04336;-5.49635897;-0.21328;53.92;50.315;46.08;6.684;3.275;-3.12;57.314;42.778;3.86;3.89;7.5;-4.04;6.73;-1.9;-0.14
31/8/2025;-0.94;0.19;-5.364;-14.936;2.414;3.382;4.547;5.535;4.889;18.234;2.881;8.569;2.3;23.8;17;6.226;16.502;8.671;4.104;6.528;4.88;1.62;2;2.015;6.89;-0.19032;-6.74795701;-0.20729;54.019;50.791;45.981;5.975;2.908;-3.134;57.94;43.146;3.86;3.75;7.5;-3.4;3.2;5.43;0.54
30/9/2025;-1;0.29;-2.811;-8.779;2.414;3.452;3.218;4.264;4.696;16.35;3.018;4.207;2.5;21;15;5.097;15.613;7.283;4.817;7.501;5.675;1.553;1.7;1.998;4.91;0.91994;-4.58915833;-1.70737;54.899;51.746;45.101;5.744;2.757;-3.14;59.186;43.883;3.88;3.65;7.39;-2.83;5.06;2.45;1.69
31/10/2025;-0.38;0.31;-6.756;-16.544;2.414;2.802;1.781;2.167;4.659;15.111;3.177;1.136;2.7;18.8;13.5;3.709;14.639;5.629;4.52;7.616;5.511;1.3;1.3;1.781;4.48;-0.63478;-5.0269493;0.42621;55.2;51.896;44.8;5.985;2.846;-3.452;59.91;44.715;3.81;3.5;7.23;-2.43;6.73;0.69;1.83
30/11/2025;-0.38;0.53;-2.849;-14.408;2.414;2.801;0.431;0.81;4.718;14.819;3.359;-1.137;2.7;17.1;12.3;2.434;14.011;4.127;4.436;7.199;5.321;1.382;1;2.181;2.94;-0.2037;-3.8857697;-0.22523;55.083;51.438;44.917;6.618;2.878;;;;3.78;3.5;7;-2.18;6.31;-2.49;3.03
31/12/2025;-1.23;0.22;-2.438;-16.935;2.414;3.686;;;;;;;2.9;16.6;12.2;1.385;13.869;2.811;;;;1.588;1.5;2.143;3.17;0.44901;-3.24462341;-1.05876;;;;;;;;;3.78;3.4;6.83;-2.16;;;
